{"Algoma University": {"id_": "71", "university_name": "Algoma University", "abbreviation": "Algoma U", "website": "https://www.algomau.ca", "wikipedia": "https://en.wikipedia.org/wiki/Algoma_University"}}
{"University of Toronto": {"id_": "49", "university_name": "University of Toronto", "abbreviation": "U of T", "website": "https://www.utoronto.ca", "wikipedia": "https://en.wikipedia.org/wiki/University_of_Toronto"}}
{"University of Calgary": {"id_": "92", "university_name": "University of Calgary", "abbreviation": "UCalgary", "website": "https://www.ucalgary.ca", "wikipedia": "https://en.wikipedia.org/wiki/University_of_Calgary"}}
{"Memorial University of Newfoundland": {"id_": "1", "university_name": "Memorial University of Newfoundland", "abbreviation": "MUN", "website": "https://www.mun.ca", "wikipedia": "https://en.wikipedia.org/wiki/Memorial_University_of_Newfoundland"}}
{"University of Prince Edward Island": {"id_": "2", "university_name": "University of Prince Edward Island", "abbreviation": "UPEI", "website": "https://www.upei.ca", "wikipedia": "https://en.wikipedia.org/wiki/University_of_Prince_Edward_Island"}}
{"Acadia University": {"id_": "3", "university_name": "Acadia University", "abbreviation": "Acadia", "website": "https://www2.acadiau.ca/", "wikipedia": "https://en.wikipedia.org/wiki/Acadia_University"}}
{"Acadia Divinity College": {"id_": "4", "university_name": "Acadia Divinity College", "abbreviation": "ADC", "website": "https://acadiadiv.ca/", "wikipedia": "https://en.wikipedia.org/wiki/Acadia_Divinity_College"}}
{"Atlantic School of Theology": {"id_": "5", "university_name": "Atlantic School of Theology", "abbreviation": "AST", "website": "https://www.astheology.ns.ca/", "wikipedia": "https://en.wikipedia.org/wiki/Atlantic_School_of_Theology"}}
{"Dalhousie University": {"id_": "7", "university_name": "Dalhousie University", "abbreviation": "Dal", "website": "https://www.dal.ca", "wikipedia": "https://en.wikipedia.org/wiki/Dalhousie_University"}}
{"University of King's College": {"id_": "8", "university_name": "University of King's College", "abbreviation": "UKC", "website": "https://www.ukings.ca", "wikipedia": "https://en.wikipedia.org/wiki/University_of_King%27s_College"}}
{"Mount Saint Vincent University": {"id_": "9", "university_name": "Mount Saint Vincent University", "abbreviation": "MSVU", "website": "https://www.msvu.ca", "wikipedia": "https://en.wikipedia.org/wiki/Mount_Saint_Vincent_University"}}
{"Nova Scotia College of Art and Design University": {"id_": "10", "university_name": "Nova Scotia College of Art and Design University", "abbreviation": "NSCAD", "website": "https://nscad.ca", "wikipedia": "https://en.wikipedia.org/wiki/Nova_Scotia_College_of_Art_and_Design_University"}}
{"Universit\u00e9 Sainte-Anne": {"id_": "11", "university_name": "Universit\u00e9 Sainte-Anne", "abbreviation": "USA", "website": "https://www.usainteanne.ca", "wikipedia": "https://en.wikipedia.org/wiki/Universit%C3%A9_Sainte-Anne"}}
{"St. Francis Xavier University": {"id_": "12", "university_name": "St. Francis Xavier University", "abbreviation": "StFX", "website": "https://www.stfx.ca", "wikipedia": "https://en.wikipedia.org/wiki/St._Francis_Xavier_University"}}
{"Saint Mary's University": {"id_": "13", "university_name": "Saint Mary's University", "abbreviation": "SMU", "website": "https://www.smu.ca", "wikipedia": "https://en.wikipedia.org/wiki/Saint_Mary%27s_University_(Halifax)"}}
{"Mount Allison University": {"id_": "14", "university_name": "Mount Allison University", "abbreviation": "MTA", "website": "https://www.mta.ca", "wikipedia": "https://en.wikipedia.org/wiki/Mount_Allison_University"}}
{"University of New Brunswick": {"id_": "15", "university_name": "University of New Brunswick", "abbreviation": "UNB", "website": "https://www.unb.ca", "wikipedia": "https://en.wikipedia.org/wiki/University_of_New_Brunswick"}}
{"Universit\u00e9 de Moncton": {"id_": "16", "university_name": "Universit\u00e9 de Moncton", "abbreviation": "UM", "website": "https://www.umoncton.ca", "wikipedia": "https://en.wikipedia.org/wiki/Universit%C3%A9_de_Moncton"}}
{"St. Thomas University": {"id_": "17", "university_name": "St. Thomas University", "abbreviation": "STU", "website": "https://www.stu.ca", "wikipedia": "https://en.wikipedia.org/wiki/St._Thomas_University_(New_Brunswick)"}}
{"McGill University": {"id_": "19", "university_name": "McGill University", "abbreviation": "McGill", "website": "https://www.mcgill.ca", "wikipedia": "https://en.wikipedia.org/wiki/McGill_University"}}
{"Universit\u00e9 de Montr\u00e9al": {"id_": "20", "university_name": "Universit\u00e9 de Montr\u00e9al", "abbreviation": "UdeM", "website": "https://www.umontreal.ca/en/", "wikipedia": "https://en.wikipedia.org/wiki/Universit%C3%A9_de_Montr%C3%A9al"}}
{"Polytechnique Montr\u00e9al": {"id_": "21", "university_name": "Polytechnique Montr\u00e9al", "abbreviation": "Polytechnique", "website": "https://www.polymtl.ca", "wikipedia": "https://en.wikipedia.org/wiki/Polytechnique_Montr%C3%A9al"}}
{"\u00c9cole des hautes \u00e9tudes commerciales": {"id_": "22", "university_name": "\u00c9cole des hautes \u00e9tudes commerciales", "abbreviation": "HEC", "website": "https://www.hec.ca/en", "wikipedia": "https://en.wikipedia.org/wiki/HEC_Montr%C3%A9al"}}
{"Universit\u00e9 Laval": {"id_": "23", "university_name": "Universit\u00e9 Laval", "abbreviation": "UL", "website": "https://www.ulaval.ca/en/", "wikipedia": "https://en.wikipedia.org/wiki/Universit%C3%A9_Laval"}}
{"Universit\u00e9 de Sherbrooke": {"id_": "24", "university_name": "Universit\u00e9 de Sherbrooke", "abbreviation": "UdeS", "website": "https://www.usherbrooke.ca", "wikipedia": "https://en.wikipedia.org/wiki/Universit%C3%A9_de_Sherbrooke"}}
{"Concordia University": {"id_": "25", "university_name": "Concordia University", "abbreviation": "CU", "website": "https://www.concordia.ca", "wikipedia": "https://en.wikipedia.org/wiki/Concordia_University"}}
{"Universit\u00e9 du Qu\u00e9bec \u00e0 Chicoutimi": {"id_": "26", "university_name": "Universit\u00e9 du Qu\u00e9bec \u00e0 Chicoutimi", "abbreviation": "UQAC", "website": "https://www.uqac.ca", "wikipedia": "https://en.wikipedia.org/wiki/Universit%C3%A9_du_Qu%C3%A9bec_%C3%A0_Chicoutimi"}}
{"Universit\u00e9 du Qu\u00e9bec \u00e0 Montr\u00e9al": {"id_": "27", "university_name": "Universit\u00e9 du Qu\u00e9bec \u00e0 Montr\u00e9al", "abbreviation": "UQAM", "website": "https://www.uqam.ca", "wikipedia": "https://en.wikipedia.org/wiki/Universit%C3%A9_du_Qu%C3%A9bec_%C3%A0_Montr%C3%A9al"}}
{"Universit\u00e9 du Qu\u00e9bec en Abitibi-T\u00e9miscamingue": {"id_": "28", "university_name": "Universit\u00e9 du Qu\u00e9bec en Abitibi-T\u00e9miscamingue", "abbreviation": "UQAT", "website": "https://www.uqat.ca", "wikipedia": "https://en.wikipedia.org/wiki/Universit%C3%A9_du_Qu%C3%A9bec_en_Abitibi-T%C3%A9miscamingue"}}
{"Universit\u00e9 du Qu\u00e9bec \u00e0 Trois-Rivi\u00e8res": {"id_": "29", "university_name": "Universit\u00e9 du Qu\u00e9bec \u00e0 Trois-Rivi\u00e8res", "abbreviation": "UQTR", "website": "https://www.uqtr.ca", "wikipedia": "https://en.wikipedia.org/wiki/Universit%C3%A9_du_Qu%C3%A9bec_%C3%A0_Trois-Rivi%C3%A8res"}}
{"Universit\u00e9 du Qu\u00e9bec en Outaouais": {"id_": "30", "university_name": "Universit\u00e9 du Qu\u00e9bec en Outaouais", "abbreviation": "UQO", "website": "https://www.uqo.ca", "wikipedia": "https://en.wikipedia.org/wiki/Universit%C3%A9_du_Qu%C3%A9bec_en_Outaouais"}}
{"Universit\u00e9 du Qu\u00e9bec, \u00c9cole nationale d'administration publique (ENAP)": {"id_": "31", "university_name": "Universit\u00e9 du Qu\u00e9bec, \u00c9cole nationale d'administration publique (ENAP)", "abbreviation": "ENAP", "website": "https://www.enap.ca", "wikipedia": "https://en.wikipedia.org/wiki/%C3%89cole_nationale_d%27administration_publique"}}
{"Universit\u00e9 du Qu\u00e9bec, Institut national de la recherche scientifique": {"id_": "32", "university_name": "Universit\u00e9 du Qu\u00e9bec, Institut national de la recherche scientifique", "abbreviation": "INRS", "website": "https://inrs.ca", "wikipedia": "https://en.wikipedia.org/wiki/Institut_national_de_la_recherche_scientifique"}}
{"Universit\u00e9 du Qu\u00e9bec \u00e0 Rimouski": {"id_": "33", "university_name": "Universit\u00e9 du Qu\u00e9bec \u00e0 Rimouski", "abbreviation": "UQAR", "website": "https://www.uqar.ca", "wikipedia": "https://en.wikipedia.org/wiki/Universit%C3%A9_du_Qu%C3%A9bec_%C3%A0_Rimouski"}}
{"\u00c9cole de technologie sup\u00e9rieure": {"id_": "34", "university_name": "\u00c9cole de technologie sup\u00e9rieure", "abbreviation": "\u00c9TS", "website": "https://www.etsmtl.ca", "wikipedia": "https://en.wikipedia.org/wiki/%C3%89cole_de_technologie_sup%C3%A9rieure"}}
{"Universit\u00e9 du Qu\u00e9bec, T\u00e9l\u00e9-universit\u00e9 du Qu\u00e9bec (T\u00c9LUQ)": {"id_": "35", "university_name": "Universit\u00e9 du Qu\u00e9bec, T\u00e9l\u00e9-universit\u00e9 du Qu\u00e9bec (T\u00c9LUQ)", "abbreviation": "T\u00c9LUQ", "website": "https://www.teluq.ca", "wikipedia": "https://en.wikipedia.org/wiki/T%C3%89LUQ"}}
{"Concordia Lutheran Theological Seminary": {"id_": "37", "university_name": "Concordia Lutheran Theological Seminary", "abbreviation": "CLTS", "website": "https://www.clts.ca", "wikipedia": "https://en.wikipedia.org/wiki/Concordia_Lutheran_Theological_Seminary"}}
{"Carleton University": {"id_": "38", "university_name": "Carleton University", "abbreviation": "CU", "website": "https://www.carleton.ca", "wikipedia": "https://en.wikipedia.org/wiki/Carleton_University"}}
{"Dominican University College/Coll\u00e8ge Universitaire Dominicain": {"id_": "39", "university_name": "Dominican University College/Coll\u00e8ge Universitaire Dominicain", "abbreviation": "DUC/CUD", "website": "https://www.collegedominicain.ca/en/", "wikipedia": "https://en.wikipedia.org/wiki/Dominican_University_College"}}
{"Lakehead University": {"id_": "41", "university_name": "Lakehead University", "abbreviation": "LU", "website": "https://www.lakeheadu.ca", "wikipedia": "https://en.wikipedia.org/wiki/Lakehead_University"}}
{"Laurentian University of Sudbury/Universit\u00e9 Laurentienne de Sudbury": {"id_": "42", "university_name": "Laurentian University of Sudbury/Universit\u00e9 Laurentienne de Sudbury", "abbreviation": "LU", "website": "https://laurentian.ca", "wikipedia": "https://en.wikipedia.org/wiki/Laurentian_University"}}
{"McMaster University": {"id_": "43", "university_name": "McMaster University", "abbreviation": "McMaster", "website": "https://www.mcmaster.ca", "wikipedia": "https://en.wikipedia.org/wiki/McMaster_University"}}
{"Nipissing University": {"id_": "44", "university_name": "Nipissing University", "abbreviation": "NU", "website": "https://www.nipissingu.ca", "wikipedia": "https://en.wikipedia.org/wiki/Nipissing_University"}}
{"University of Ottawa": {"id_": "45", "university_name": "University of Ottawa", "abbreviation": "uOttawa", "website": "https://www.uottawa.ca", "wikipedia": "https://en.wikipedia.org/wiki/University_of_Ottawa"}}
{"Saint Paul University": {"id_": "46", "university_name": "Saint Paul University", "abbreviation": "USP", "website": "https://ustpaul.ca", "wikipedia": "https://en.wikipedia.org/wiki/Saint_Paul_University"}}
{"Queen's University": {"id_": "47", "university_name": "Queen's University", "abbreviation": "QU", "website": "https://www.queensu.ca", "wikipedia": "https://en.wikipedia.org/wiki/Queen%27s_University"}}
{"Ryerson University": {"id_": "48", "university_name": "Ryerson University", "abbreviation": "RU", "website": "https://www.ryerson.ca", "wikipedia": "https://en.wikipedia.org/wiki/Ryerson_University"}}
{"St. Augustine's Seminary": {"id_": "50", "university_name": "St. Augustine's Seminary", "abbreviation": "SAS", "website": "https://staugustines.on.ca/", "wikipedia": "https://en.wikipedia.org/wiki/St._Augustine%27s_Seminary_(Toronto)"}}
{"University of St. Michael's College": {"id_": "51", "university_name": "University of St. Michael's College", "abbreviation": "USMC", "website": "https://stmikes.utoronto.ca/", "wikipedia": "https://en.wikipedia.org/wiki/University_of_St._Michael%27s_College"}}
{"University of Trinity College": {"id_": "52", "university_name": "University of Trinity College", "abbreviation": "Trinity College", "website": "https://www.trinity.utoronto.ca/", "wikipedia": "https://en.wikipedia.org/wiki/Trinity_College,_Toronto"}}
{"Victoria University": {"id_": "53", "university_name": "Victoria University", "abbreviation": "VU", "website": "https://www.vu.edu.au", "wikipedia": "https://en.wikipedia.org/wiki/Victoria_University,_Australia"}}
{"Knox College": {"id_": "54", "university_name": "Knox College", "abbreviation": "", "website": "https://knox.utoronto.ca/", "wikipedia": "https://en.wikipedia.org/wiki/Knox_College,_Toronto"}}
{"Wycliffe College": {"id_": "55", "university_name": "Wycliffe College", "abbreviation": "N/A", "website": "https://www.wycliffecollege.ca", "wikipedia": "https://en.wikipedia.org/wiki/Wycliffe_College"}}
{"Regis College": {"id_": "56", "university_name": "Regis College", "abbreviation": "N/A", "website": "https://www.regiscollege.ca", "wikipedia": "https://en.wikipedia.org/wiki/Regis_College,_Toronto"}}
{"Trent University": {"id_": "57", "university_name": "Trent University", "abbreviation": "TrentU", "website": "https://www.trentu.ca", "wikipedia": "https://en.wikipedia.org/wiki/Trent_University"}}
{"St. Jerome's University": {"id_": "59", "university_name": "St. Jerome's University", "abbreviation": "SJU", "website": "https://www.sju.ca", "wikipedia": "https://en.wikipedia.org/wiki/St._Jerome%27s_University"}}
{"Renison University College": {"id_": "60", "university_name": "Renison University College", "abbreviation": "RUC", "website": "https://uwaterloo.ca/renison/", "wikipedia": "https://en.wikipedia.org/wiki/Renison_University_College"}}
{"Conrad Grebel University College": {"id_": "61", "university_name": "Conrad Grebel University College", "abbreviation": "CGUC", "website": "https://uwaterloo.ca/grebel/", "wikipedia": "https://en.wikipedia.org/wiki/Conrad_Grebel_University_College"}}
{"Western University": {"id_": "62", "university_name": "Western University", "abbreviation": "WesternU", "website": "https://www.uwo.ca", "wikipedia": "https://en.wikipedia.org/wiki/Western_University"}}
{"Brescia University College": {"id_": "63", "university_name": "Brescia University College", "abbreviation": "Brescia", "website": "https://brescia.uwo.ca/", "wikipedia": "https://en.wikipedia.org/wiki/Brescia_University_College"}}
{"Huron University College": {"id_": "64", "university_name": "Huron University College", "abbreviation": "Huron", "website": "https://huronuc.ca/", "wikipedia": "https://en.wikipedia.org/wiki/Huron_University_College"}}
{"King's College": {"id_": "65", "university_name": "King's College", "abbreviation": "", "website": "https://www.kcl.ac.uk", "wikipedia": "https://en.wikipedia.org/wiki/King%27s_College_London"}}
{"Wilfrid Laurier University": {"id_": "66", "university_name": "Wilfrid Laurier University", "abbreviation": "WLU", "website": "https://www.wlu.ca", "wikipedia": "https://en.wikipedia.org/wiki/Wilfrid_Laurier_University"}}
{"University of Windsor": {"id_": "67", "university_name": "University of Windsor", "abbreviation": "UWindsor", "website": "https://www.uwindsor.ca", "wikipedia": "https://en.wikipedia.org/wiki/University_of_Windsor"}}
{"York University": {"id_": "68", "university_name": "York University", "abbreviation": "YorkU", "website": "http://www.yorku.ca", "wikipedia": "https://en.wikipedia.org/wiki/York_University"}}
{"Ontario College of Art and Design University": {"id_": "69", "university_name": "Ontario College of Art and Design University", "abbreviation": "OCADU", "website": "https://www.ocadu.ca", "wikipedia": "https://en.wikipedia.org/wiki/Ontario_College_of_Art_and_Design_University"}}
{"University of Ontario Institute of Technology": {"id_": "70", "university_name": "University of Ontario Institute of Technology", "abbreviation": "UOIT", "website": "https://ontariotechu.ca/", "wikipedia": "https://en.wikipedia.org/wiki/Ontario_Tech_University"}}
{"University of Sudbury": {"id_": "72", "university_name": "University of Sudbury", "abbreviation": "-", "website": "https://usudbury.ca/", "wikipedia": "https://en.wikipedia.org/wiki/University_of_Sudbury"}}
{"Universit\u00e9 de Hearst": {"id_": "73", "university_name": "Universit\u00e9 de Hearst", "abbreviation": "UH", "website": "https://www.uhearst.ca", "wikipedia": "https://en.wikipedia.org/wiki/Universit%C3%A9_de_Hearst"}}
{"Huntington University": {"id_": "74", "university_name": "Huntington University", "abbreviation": "HU", "website": "https://www.huntingtonu.ca", "wikipedia": "https://en.wikipedia.org/wiki/Huntington_University"}}
{"Thorneloe University": {"id_": "75", "university_name": "Thorneloe University", "abbreviation": "TU", "website": "https://www.thorneloe.ca", "wikipedia": "https://en.wikipedia.org/wiki/Thorneloe_University"}}
{"Canadian Mennonite University": {"id_": "77", "university_name": "Canadian Mennonite University", "abbreviation": "CMU", "website": "https://www.cmu.ca", "wikipedia": "https://en.wikipedia.org/wiki/Canadian_Mennonite_University"}}
{"University of Manitoba": {"id_": "78", "university_name": "University of Manitoba", "abbreviation": "U of M", "website": "http://umanitoba.ca/", "wikipedia": "https://en.wikipedia.org/wiki/University_of_Manitoba"}}
{"Universit\u00e9 de Saint-Boniface": {"id_": "79", "university_name": "Universit\u00e9 de Saint-Boniface", "abbreviation": "USB", "website": "https://ustboniface.ca/", "wikipedia": "https://en.wikipedia.org/wiki/Universit%C3%A9_de_Saint-Boniface"}}
{"University of Winnipeg": {"id_": "80", "university_name": "University of Winnipeg", "abbreviation": "UWinnipeg", "website": "https://www.uwinnipeg.ca", "wikipedia": "https://en.wikipedia.org/wiki/University_of_Winnipeg"}}
{"University of Regina": {"id_": "81", "university_name": "University of Regina", "abbreviation": "U of R", "website": "https://www.uregina.ca", "wikipedia": "https://en.wikipedia.org/wiki/University_of_Regina"}}
{"Campion College": {"id_": "82", "university_name": "Campion College", "abbreviation": "N/A", "website": "https://campioncollege.ca", "wikipedia": "https://en.wikipedia.org/wiki/Campion_College,_Regina"}}
{"Luther College": {"id_": "83", "university_name": "Luther College", "abbreviation": "LC", "website": "https://www.luthercollege.edu", "wikipedia": "https://en.wikipedia.org/wiki/Luther_College_(Saskatchewan)"}}
{"University of Saskatchewan": {"id_": "84", "university_name": "University of Saskatchewan", "abbreviation": "U of S", "website": "https://www.usask.ca", "wikipedia": "https://en.wikipedia.org/wiki/University_of_Saskatchewan"}}
{"College of Emmanuel and St. Chad": {"id_": "85", "university_name": "College of Emmanuel and St. Chad", "abbreviation": "CESC", "website": "https://www.emmanuel.ualberta.ca/", "wikipedia": "https://en.wikipedia.org/wiki/College_of_Emmanuel_and_St._Chad"}}
{"Lutheran Theological Seminary": {"id_": "86", "university_name": "Lutheran Theological Seminary", "abbreviation": "", "website": "https://www.usask.ca/luther/", "wikipedia": "https://en.wikipedia.org/wiki/Lutheran_Theological_Seminary_(Saskatoon)"}}
{"St. Andrew's College": {"id_": "87", "university_name": "St. Andrew's College", "abbreviation": "SAC", "website": "https://www.sac.on.ca", "wikipedia": "https://en.wikipedia.org/wiki/St._Andrew%27s_College_(Aurora)"}}
{"St. Thomas More College": {"id_": "88", "university_name": "St. Thomas More College", "abbreviation": "STM", "website": "https://stmcollege.ca/", "wikipedia": "https://en.wikipedia.org/wiki/St._Thomas_More_College,_Saskatoon"}}
{"Horizon College & Seminary": {"id_": "89", "university_name": "Horizon College & Seminary", "abbreviation": "HCS", "website": "https://www.horizon.edu", "wikipedia": "https://en.wikipedia.org/wiki/Horizon_College_and_Seminary"}}
{"University of Alberta": {"id_": "90", "university_name": "University of Alberta", "abbreviation": "U of A", "website": "https://www.ualberta.ca", "wikipedia": "https://en.wikipedia.org/wiki/University_of_Alberta"}}
{"Burman University": {"id_": "93", "university_name": "Burman University", "abbreviation": "BU", "website": "https://www.burmanu.ca", "wikipedia": "https://en.wikipedia.org/wiki/Burman_University"}}
{"Concordia University of Edmonton": {"id_": "94", "university_name": "Concordia University of Edmonton", "abbreviation": "CUE", "website": "https://concordia.ab.ca", "wikipedia": "https://en.wikipedia.org/wiki/Concordia_University_of_Edmonton"}}
{"University of Lethbridge": {"id_": "95", "university_name": "University of Lethbridge", "abbreviation": "U of L", "website": "https://www.uleth.ca", "wikipedia": "https://en.wikipedia.org/wiki/University_of_Lethbridge"}}
{"The King's University College": {"id_": "96", "university_name": "The King's University College", "abbreviation": "TKUC", "website": "https://www.kings.uwo.ca", "wikipedia": "https://en.wikipedia.org/wiki/King%27s_University_College"}}
{"Ambrose University": {"id_": "97", "university_name": "Ambrose University", "abbreviation": "AU", "website": "https://ambrose.edu", "wikipedia": "https://en.wikipedia.org/wiki/Ambrose_University"}}
{"MacEwan University": {"id_": "98", "university_name": "MacEwan University", "abbreviation": "GMU", "website": "https://www.macewan.ca", "wikipedia": "https://en.wikipedia.org/wiki/MacEwan_University"}}
{"Mount Royal University": {"id_": "99", "university_name": "Mount Royal University", "abbreviation": "MRU", "website": "https://www.mtroyal.ca", "wikipedia": "https://en.wikipedia.org/wiki/Mount_Royal_University"}}
{"The University of British Columbia": {"id_": "100", "university_name": "The University of British Columbia", "abbreviation": "UBC", "website": "https://www.ubc.ca", "wikipedia": "https://en.wikipedia.org/wiki/University_of_British_Columbia"}}
{"University of Northern British Columbia": {"id_": "101", "university_name": "University of Northern British Columbia", "abbreviation": "UNBC", "website": "https://www.unbc.ca", "wikipedia": "https://en.wikipedia.org/wiki/University_of_Northern_British_Columbia"}}
{"Royal Roads University": {"id_": "102", "university_name": "Royal Roads University", "abbreviation": "RRU", "website": "https://www.royalroads.ca", "wikipedia": "https://en.wikipedia.org/wiki/Royal_Roads_University"}}
{"University of Victoria": {"id_": "104", "university_name": "University of Victoria", "abbreviation": "UVic", "website": "https://www.uvic.ca", "wikipedia": "https://en.wikipedia.org/wiki/University_of_Victoria"}}
{"Thompson Rivers University": {"id_": "105", "university_name": "Thompson Rivers University", "abbreviation": "TRU", "website": "https://www.tru.ca", "wikipedia": "https://en.wikipedia.org/wiki/Thompson_Rivers_University"}}
{"Vancouver Island University": {"id_": "107", "university_name": "Vancouver Island University", "abbreviation": "VIU", "website": "https://www.viu.ca", "wikipedia": "https://en.wikipedia.org/wiki/Vancouver_Island_University"}}
{"Emily Carr University of Art and Design": {"id_": "108", "university_name": "Emily Carr University of Art and Design", "abbreviation": "ECUAD", "website": "https://www.ecuad.ca", "wikipedia": "https://en.wikipedia.org/wiki/Emily_Carr_University_of_Art_and_Design"}}
{"Kwantlen Polytechnic University": {"id_": "109", "university_name": "Kwantlen Polytechnic University", "abbreviation": "KPU", "website": "http://www.kpu.ca", "wikipedia": "https://en.wikipedia.org/wiki/Kwantlen_Polytechnic_University"}}
{"University of the Fraser Valley": {"id_": "110", "university_name": "University of the Fraser Valley", "abbreviation": "UFV", "website": "https://www.ufv.ca", "wikipedia": "https://en.wikipedia.org/wiki/University_of_the_Fraser_Valley"}}
{"Yukon University": {"id_": "111", "university_name": "Yukon University", "abbreviation": "YU", "website": "https://www.yukonu.ca", "wikipedia": "https://en.wikipedia.org/wiki/Yukon_University"}}
{"Cape Breton University": {"id_": "6", "university_name": "Cape Breton University", "abbreviation": "CBU", "website": "https://www.cbu.ca", "wikipedia": "https://en.wikipedia.org/wiki/Cape_Breton_University"}}
{"Bishop's University": {"id_": "18", "university_name": "Bishop's University", "abbreviation": "BU", "website": "https://www.ubishops.ca", "wikipedia": "https://en.wikipedia.org/wiki/Bishop%27s_University"}}
{"Brock University": {"id_": "36", "university_name": "Brock University", "abbreviation": "BU", "website": "https://brocku.ca", "wikipedia": "https://en.wikipedia.org/wiki/Brock_University"}}
{"University of Guelph": {"id_": "40", "university_name": "University of Guelph", "abbreviation": "U of G", "website": "https://www.uoguelph.ca", "wikipedia": "https://en.wikipedia.org/wiki/University_of_Guelph"}}
{"University of Waterloo": {"id_": "58", "university_name": "University of Waterloo", "abbreviation": "UW", "website": "https://uwaterloo.ca", "wikipedia": "https://en.wikipedia.org/wiki/University_of_Waterloo"}}
{"Brandon University": {"id_": "76", "university_name": "Brandon University", "abbreviation": "BU", "website": "https://www.brandonu.ca", "wikipedia": "https://en.wikipedia.org/wiki/Brandon_University"}}
{"Athabasca University": {"id_": "91", "university_name": "Athabasca University", "abbreviation": "AU", "website": "https://www.athabascau.ca", "wikipedia": "https://en.wikipedia.org/wiki/Athabasca_University"}}
{"Simon Fraser University": {"id_": "103", "university_name": "Simon Fraser University", "abbreviation": "SFU", "website": "https://www.sfu.ca", "wikipedia": "https://en.wikipedia.org/wiki/Simon_Fraser_University"}}
{"Capilano University": {"id_": "106", "university_name": "Capilano University", "abbreviation": "CapU", "website": "https://www.capilanou.ca", "wikipedia": "https://en.wikipedia.org/wiki/Capilano_University"}}
